subreddit,Positive,Anger,Joy,Fear,Sadness,Surprise
bloodborne,0.469156145,0.308570074,0.127655121,0.162369024,0.300263285,0.101142502
conspiracy,0.443454764,0.323249496,0.10495875,0.177639555,0.28354952,0.077269357
formula1,0.395021974,0.252416316,0.13329278,0.179113175,0.283377797,0.151799933
fivenightsatfreddys,0.284578983,0.283450944,0.108036871,0.136626777,0.335639577,0.136245833
pokemontrades,0.515871255,0.17617738,0.224875071,0.211966111,0.253205848,0.133775608
survivor,0.546278387,0.275460173,0.133796276,0.189176251,0.276505722,0.125061582
ukpolitics,0.271175705,0.317288946,0.077169808,0.201677217,0.32449163,0.079372409
Eve,0.401275302,0.226471608,0.177980152,0.200636279,0.23104205,0.163869894
Guildwars2,0.401696907,0.302148867,0.159532783,0.190883981,0.24286626,0.104568097
Random_Acts_Of_Amazon,0.470055559,0.244514741,0.166790326,0.166083155,0.296074406,0.126537384
canada,0.385414884,0.337576563,0.107430533,0.140437248,0.332759533,0.081796111
science,0.392580675,0.329569073,0.100229356,0.183858805,0.295226324,0.091116446
motorcycles,0.422864861,0.305291751,0.160402165,0.163369568,0.272006781,0.098929739
cars,0.472124734,0.306725926,0.116733153,0.142463335,0.306763977,0.127313609
television,0.44818608,0.314328374,0.112096571,0.150546039,0.288159239,0.134869787
FIFA,0.410335095,0.278488761,0.146054983,0.165529126,0.311924949,0.098002194
nottheonion,0.236989006,0.308660397,0.122350048,0.175447419,0.29252585,0.101016287
EliteDangerous,0.440735688,0.314615216,0.147804177,0.173329492,0.252828929,0.111422192
xboxone,0.372735981,0.272322525,0.16860927,0.121800052,0.290460998,0.146807163
TrollXChromosomes,0.359968149,0.339674705,0.101091898,0.114403372,0.27868055,0.132816138
Christianity,0.286937689,0.308593221,0.093838035,0.183659206,0.325595938,0.088313605
ffxiv,0.343475918,0.395886493,0.134213348,0.116943127,0.272903192,0.080053853
Music,0.376319609,0.276182272,0.132609319,0.140338718,0.328961766,0.121907926
Bitcoin,0.344872689,0.324399498,0.08982445,0.151186948,0.277087946,0.124167824
csgobetting,0.319042622,0.257935213,0.128343932,0.183397883,0.28782207,0.14250091
TwoXChromosomes,0.315325633,0.411228249,0.06262541,0.162601617,0.305072051,0.05847268
OkCupid,0.313574801,0.385206112,0.083397434,0.126872697,0.310539236,0.093984518
whowouldwin,0.478521983,0.228959285,0.116524038,0.191638649,0.342248351,0.120629686
heroesofthestorm,0.381500758,0.356045026,0.108913542,0.159174393,0.286597097,0.089269937
europe,0.316925604,0.277676481,0.110454677,0.162729941,0.31959655,0.129542362
PS4,0.382054309,0.2887389,0.150307983,0.144962186,0.298853827,0.117137103
india,0.358190586,0.375376187,0.137496723,0.135367477,0.269637278,0.082122345
SubredditDrama,0.517052313,0.330699397,0.148119099,0.139648392,0.307087197,0.074445916
baseball,0.511648325,0.316471543,0.102209333,0.154853318,0.320696496,0.105769309
mildlyinteresting,0.406593382,0.249349297,0.147267515,0.162702359,0.291581126,0.149099692
Android,0.363757313,0.329044018,0.143695453,0.133171347,0.285302149,0.108787028
Smite,0.380161278,0.323588257,0.10177949,0.162141326,0.29042015,0.122070789
magicTCG,0.374018929,0.343334675,0.119992504,0.18199339,0.280103912,0.074575529
unitedkingdom,0.337074482,0.298921859,0.101299821,0.194885255,0.314782279,0.090110789
personalfinance,0.415035201,0.376061827,0.103895743,0.173077599,0.272849985,0.07411485
hiphopheads,0.396551646,0.269571996,0.134864205,0.112671137,0.326533314,0.156359343
CFB,0.382865478,0.24564763,0.121193374,0.191461191,0.334498716,0.107199106
rupaulsdragrace,0.366965616,0.280989513,0.105527611,0.137689503,0.343523214,0.132270171
KotakuInAction,0.29889099,0.332978474,0.106746686,0.145885726,0.314255054,0.100134061
MMA,0.288926871,0.237578182,0.123539119,0.168813236,0.31654123,0.15352824
wow,0.331166104,0.3190561,0.119243062,0.134573863,0.296803065,0.096990579
atheism,0.274997884,0.346907152,0.094842527,0.168081044,0.305732448,0.084436833
thebutton,0.412653257,0.276939978,0.152389861,0.18813265,0.273070379,0.109467128
technology,0.319136056,0.340828123,0.14001368,0.134755334,0.293987852,0.090415012
AskWomen,0.390508085,0.31814909,0.120739107,0.122710922,0.327932329,0.110468557
smashbros,0.464588709,0.271708726,0.136120613,0.15985152,0.333387644,0.098931504
AskMen,0.433880883,0.362676937,0.097795335,0.13760617,0.303521715,0.098399852
2007scape,0.441533287,0.312300659,0.123763695,0.151449614,0.314734593,0.097751449
buildapc,0.437358297,0.302697764,0.14006096,0.182813691,0.271949417,0.102478176
tifu,0.407804729,0.271073801,0.149251976,0.202872638,0.252134422,0.124667154
aww,0.429657917,0.253023269,0.155661839,0.127384896,0.296951944,0.133644739
gonewild,0.533518363,0.242540811,0.19645514,0.163513112,0.251940747,0.145550199
newsokur,0.414271895,0.170968523,0.224050616,0.227128361,0.18254464,0.195307845
Fitness,0.423961127,0.303360976,0.167529501,0.21195725,0.233661836,0.083490438
Games,0.367171386,0.288550943,0.108324265,0.136932991,0.369519569,0.096672238
IAmA,0.379684561,0.29658504,0.171611763,0.143222501,0.309001821,0.079578881
hearthstone,0.454344441,0.26702591,0.132529916,0.169662183,0.286743322,0.144038668
Showerthoughts,0.317570729,0.341713889,0.149268036,0.159440095,0.256392658,0.093185331
trees,0.449703466,0.321184197,0.162193651,0.172009958,0.260270876,0.084341329
TumblrInAction,0.308919638,0.363732482,0.111495631,0.125758779,0.335281773,0.063731345
gameofthrones,0.382759778,0.218842492,0.120718774,0.152895599,0.35703898,0.150504152
asoiaf,0.340030923,0.327981962,0.106891867,0.164214038,0.27984736,0.121064775
electronic_cigarette,0.388988108,0.358682821,0.131905569,0.141299516,0.263445385,0.104666711
Fireteams,0.517116866,0.268385564,0.159129563,0.17952468,0.265288222,0.127671968
amiibo,0.491166606,0.280306703,0.116957951,0.134694521,0.33379289,0.134247944
witcher,0.411382001,0.304651637,0.154974122,0.151550275,0.261569704,0.127254265
GlobalOffensiveTrade,0.433075547,0.281901893,0.175786636,0.142861748,0.271019653,0.128430079
anime,0.367631086,0.235774228,0.154147044,0.143879436,0.332110095,0.134089183
explainlikeimfive,0.385668266,0.39661449,0.090612743,0.148962982,0.278643029,0.085166761
CasualConversation,0.553147826,0.170774468,0.198297622,0.176601916,0.267967041,0.18635895
politics,0.329122035,0.310532443,0.082896099,0.136846905,0.380387718,0.089336834
gifs,0.296363339,0.353945289,0.090620582,0.164286633,0.251017218,0.106796953
relationships,0.511733191,0.283514326,0.13917322,0.150757268,0.317346969,0.109208222
fatpeoplehate,0.408821665,0.384193142,0.091332822,0.130778884,0.276518281,0.117176874
gaming,0.405492634,0.260408983,0.144616245,0.179005285,0.305063398,0.110906094
SquaredCircle,0.510026602,0.213966882,0.178747334,0.117943592,0.31382114,0.175521057
movies,0.389147934,0.199826072,0.148782673,0.164960521,0.339976704,0.146454034
hockey,0.451909894,0.269632846,0.143869191,0.165750524,0.273171507,0.114242601
GlobalOffensive,0.450755862,0.261833873,0.147996078,0.16371839,0.291318292,0.135133352
WTF,0.399794734,0.327727088,0.094770122,0.158061668,0.331264082,0.088177062
AdviceAnimals,0.386296055,0.440056337,0.100211601,0.129475937,0.251056554,0.079199577
DotA2,0.438981655,0.290710728,0.190457678,0.171686893,0.259058034,0.088086662
soccer,0.421410955,0.248186074,0.124452438,0.170000567,0.327058311,0.130302607
worldnews,0.495734767,0.324428028,0.102853752,0.126396372,0.330340003,0.115981844
DestinyTheGame,0.46617981,0.301072852,0.168235625,0.197780543,0.192933174,0.139977803
todayilearned,0.382094432,0.246082115,0.128380043,0.141995645,0.276826849,0.206715351
news,0.364346139,0.363284833,0.083976715,0.174958205,0.30004151,0.077738739
videos,0.397534899,0.328800164,0.13946013,0.136884563,0.277674532,0.117180614
pcmasterrace,0.372400595,0.341471772,0.132083415,0.15631029,0.27308446,0.097050074
nfl,0.388800902,0.287502744,0.098575283,0.153151476,0.307160828,0.12027633
pics,0.36750418,0.300797851,0.107394795,0.149107549,0.337987094,0.104712715
funny,0.433401287,0.26629338,0.106976505,0.154192357,0.258738605,0.147132496
nba,0.403509613,0.225812733,0.132065374,0.152363365,0.321973619,0.167784904
leagueoflegends,0.397945779,0.30015209,0.17478384,0.148310111,0.263873743,0.079546885
AskReddit,0.338075216,0.30141298,0.118986973,0.138626428,0.334438917,0.106534701
cringe,0.288340841,0.34220249,0.076521644,0.160400185,0.312813577,0.074728776
facepalm,0.287282968,0.404406306,0.050424739,0.138532443,0.315203826,0.091432692
me_irl,0.43573157,0.246944504,0.128890555,0.134479641,0.335009559,0.121342406
tattoos,0.527769338,0.218948289,0.197897927,0.163047219,0.264710249,0.122062994
fffffffuuuuuuuuuuuu,0.374783289,0.401961819,0.058944986,0.114032713,0.285616924,0.106110233
comics,0.466782094,0.290523121,0.144886311,0.153068576,0.272687051,0.138834947
HistoryPorn,0.348158184,0.268480545,0.107272563,0.138698796,0.380010186,0.105537917
StarWars,0.45659696,0.25421395,0.14206453,0.135463972,0.268956267,0.165967953
AskHistorians,0.478894194,0.201059074,0.132297138,0.150188609,0.290256048,0.226199131
OutOfTheLoop,0.44796928,0.28880114,0.102895401,0.161402561,0.348889138,0.098011768
lifehacks,0.481299526,0.370659467,0.105773544,0.182722368,0.241923218,0.098921407
YouShouldKnow,0.397877544,0.287047257,0.161774294,0.162111658,0.246431761,0.142635042
Unexpected,0.372180783,0.305902961,0.143660678,0.125711315,0.282989232,0.108402483
oddlysatisfying,0.294093272,0.240227432,0.146243161,0.206822322,0.283112328,0.123594775
NSFW_GIF,0.459574347,0.230877127,0.146102274,0.153877267,0.312000315,0.157143009
RealGirls,0.421018265,0.333349093,0.173944521,0.147663323,0.274512707,0.070530353
Frugal,0.440544024,0.372373573,0.148856114,0.144813738,0.262114665,0.071841909
ImGoingToHellForThis,0.344289361,0.263194939,0.090624082,0.135175207,0.311842624,0.165829821
pokemon,0.432157761,0.270394367,0.109344865,0.168166746,0.336933093,0.115160932
malefashionadvice,0.465726168,0.234530157,0.209871655,0.140478783,0.254524929,0.160594476
reactiongifs,0.37896116,0.256925621,0.150795923,0.126281256,0.233251192,0.099412667
cringepics,0.209883103,0.219203734,0.063284841,0.107959557,0.22308839,0.086463483
sex,0.360788626,0.350807107,0.060342672,0.152666616,0.298723466,0.137460136
programming,0.310720434,0.319993555,0.111877945,0.207339802,0.239374489,0.121414215
nsfw,0.322217644,0.249680827,0.185376402,0.16308215,0.272347541,0.09617973
Overwatch,0.331359283,0.390448028,0.090366207,0.139140811,0.281885054,0.098159903
4chan,0.280341424,0.342889991,0.093762188,0.155785019,0.301993223,0.105569577
BlackPeopleTwitter,0.366487496,0.319198511,0.099104817,0.147181417,0.275216884,0.125965029
interestingasfuck,0.530059234,0.243189296,0.148035373,0.155926149,0.288508278,0.164340903
woahdude,0.439740771,0.197627741,0.210374239,0.146931262,0.276099327,0.135634092
bestof,0.265970084,0.280810397,0.112088813,0.196563578,0.274501086,0.136036137
WritingPrompts,0.311009806,0.240527024,0.120609458,0.180965895,0.348093891,0.109803744
nosleep,0.474557367,0.276722589,0.132531927,0.149396314,0.282157938,0.159191236
creepy,0.416438448,0.239559767,0.107375511,0.205386809,0.281777102,0.165900815
Art,0.386769392,0.289080458,0.142208002,0.152572952,0.290417088,0.125721506
OldSchoolCool,0.361314672,0.267291018,0.111918113,0.12193197,0.285384293,0.2134746
philosophy,0.281005009,0.266602459,0.114861123,0.176521272,0.314576308,0.127438846
listentothis,0.572102849,0.24671118,0.209859679,0.149272291,0.273879413,0.120277441
UpliftingNews,0.36325222,0.364083361,0.055936504,0.13975689,0.337675322,0.102547921
GetMotivated,0.481669409,0.304883536,0.133942969,0.167519877,0.234786729,0.125533566
Documentaries,0.37199453,0.336575355,0.10186571,0.184157775,0.2904747,0.086926472
dataisbeautiful,0.364062292,0.388108255,0.072845518,0.128225733,0.3077382,0.103082303
Futurology,0.34377004,0.369496205,0.132392304,0.168285552,0.274359091,0.055466851
photoshopbattles,0.423054041,0.211843771,0.274885258,0.137735111,0.254986918,0.120548961
food,0.496932196,0.253462506,0.21949487,0.105856459,0.220202992,0.167649853
gadgets,0.248881964,0.325854545,0.118661821,0.130701876,0.292129114,0.132652637
history,0.463912462,0.190565768,0.138807254,0.141205919,0.347627222,0.181793836
Jokes,0.347439747,0.264043547,0.067332586,0.184970956,0.286706492,0.196946414
InternetIsBeautiful,0.353089447,0.267984104,0.16961804,0.185460959,0.246916299,0.130020612
sports,0.440491698,0.310200305,0.078131979,0.131318349,0.312510912,0.16783846
space,0.377982412,0.328624549,0.150258188,0.176128179,0.263093085,0.081895995
DIY,0.403695255,0.308083223,0.141812195,0.150348588,0.270961933,0.128794058
LifeProTips,0.322586702,0.347967174,0.079959528,0.135064785,0.29983332,0.137175197
books,0.556426429,0.230302078,0.118218988,0.177806736,0.302584379,0.171087814
EarthPorn,0.447309832,0.23022159,0.189088278,0.121663983,0.298529151,0.160497007
askscience,0.371894034,0.286855652,0.146375407,0.174742603,0.294387208,0.097639134
blog,0.448643417,0.237900572,0.146830096,0.212989362,0.307337327,0.094942657
announcements,0.3264717,0.244909917,0.161097451,0.237882931,0.253284924,0.102824779